Algorithm,Dataset,incl_attr,cons,reg_coef,sup_coef,c_assign_coef,n_cross_nw_coef,l2_coef,lr,n_layers,nheads,pool_type,isSemi,isAttn,clusters,micro_f1,macro_f1,nmi,nmi_h,S@5,S@10,S@20,S@50,S@100,nmi_h0,nmi_h1
SS-DCMultiplex,imdbc,True,True,0.001,0.1,1.0,0.001,0.0001,0.0005,1,4,-1,True,True,3,0.655593220338983,0.6544225370437978,0.21462076638292035,0.09680770202289625,0.614,0.6071,0.6,0.5899,0.5801,0.0748691849484551,0.09493613235947712
SS-DCMultiplex,imdbc,True,True,0.001,1.0,1.0,0.001,0.0001,0.001,1,1,-1,True,True,3,0.6691525423728814,0.6675001148228897,0.2092006077219673,0.15095091631622867,0.6198,0.6126,0.6051,0.5961,0.5875,0.08346109290555244,0.1374601853892302
